campaign_id,campaign_name,channel,start_date,end_date,spend
C001,Organic Search Q1 2024,Organic Search,2024-01-01,2024-03-31,2252.75
C002,Paid Search Q1 2024,Paid Search,2024-01-01,2024-03-31,12574.03
C003,Social Ads Q1 2024,Social Ads,2024-01-01,2024-03-31,8946.8
C004,Email Q1 2024,Email,2024-01-01,2024-03-31,634.45
C005,Referral Q1 2024,Referral,2024-01-01,2024-03-31,2716.75
C006,Webinar Q1 2024,Webinar,2024-01-01,2024-03-31,5205.96
C007,Affiliate Q1 2024,Affiliate,2024-01-01,2024-03-31,7219.79
C008,Organic Search Q2 2024,Organic Search,2024-04-01,2024-06-30,4169.24
C009,Paid Search Q2 2024,Paid Search,2024-04-01,2024-06-30,18248.61
C010,Social Ads Q2 2024,Social Ads,2024-04-01,2024-06-30,10146.84
C011,Email Q2 2024,Email,2024-04-01,2024-06-30,811.38
C012,Referral Q2 2024,Referral,2024-04-01,2024-06-30,2696.31
C013,Webinar Q2 2024,Webinar,2024-04-01,2024-06-30,7619.29
C014,Affiliate Q2 2024,Affiliate,2024-04-01,2024-06-30,8310.73
C015,Organic Search Q3 2024,Organic Search,2024-07-01,2024-09-30,2705.44
C016,Paid Search Q3 2024,Paid Search,2024-07-01,2024-09-30,16884.58
C017,Social Ads Q3 2024,Social Ads,2024-07-01,2024-09-30,9406.59
C018,Email Q3 2024,Email,2024-07-01,2024-09-30,973.22
C019,Referral Q3 2024,Referral,2024-07-01,2024-09-30,2584.59
C020,Webinar Q3 2024,Webinar,2024-07-01,2024-09-30,8716.74
C021,Affiliate Q3 2024,Affiliate,2024-07-01,2024-09-30,7200.09
C022,Organic Search Q4 2024,Organic Search,2024-10-01,2024-12-31,3339.12
C023,Paid Search Q4 2024,Paid Search,2024-10-01,2024-12-31,23913.64
C024,Social Ads Q4 2024,Social Ads,2024-10-01,2024-12-31,13107.5
C025,Email Q4 2024,Email,2024-10-01,2024-12-31,642.61
C026,Referral Q4 2024,Referral,2024-10-01,2024-12-31,2987.86
C027,Webinar Q4 2024,Webinar,2024-10-01,2024-12-31,13722.09
C028,Affiliate Q4 2024,Affiliate,2024-10-01,2024-12-31,10481.89
C029,Organic Search Q1 2025,Organic Search,2025-01-01,2025-03-31,2972.84
C030,Paid Search Q1 2025,Paid Search,2025-01-01,2025-03-31,22093.57
C031,Social Ads Q1 2025,Social Ads,2025-01-01,2025-03-31,13865.71
C032,Email Q1 2025,Email,2025-01-01,2025-03-31,877.14
C033,Referral Q1 2025,Referral,2025-01-01,2025-03-31,3079.59
C034,Webinar Q1 2025,Webinar,2025-01-01,2025-03-31,10810.07
C035,Affiliate Q1 2025,Affiliate,2025-01-01,2025-03-31,7224.76
C036,Organic Search Q2 2025,Organic Search,2025-04-01,2025-06-30,3566.29
C037,Paid Search Q2 2025,Paid Search,2025-04-01,2025-06-30,25204.97
C038,Social Ads Q2 2025,Social Ads,2025-04-01,2025-06-30,10641.85
C039,Email Q2 2025,Email,2025-04-01,2025-06-30,1288.86
C040,Referral Q2 2025,Referral,2025-04-01,2025-06-30,3893.84
C041,Webinar Q2 2025,Webinar,2025-04-01,2025-06-30,8763.17
C042,Affiliate Q2 2025,Affiliate,2025-04-01,2025-06-30,9345.49
C043,Organic Search Q3 2025,Organic Search,2025-07-01,2025-09-30,3197.59
C044,Paid Search Q3 2025,Paid Search,2025-07-01,2025-09-30,22252.83
C045,Social Ads Q3 2025,Social Ads,2025-07-01,2025-09-30,12087.4
C046,Email Q3 2025,Email,2025-07-01,2025-09-30,1082.6
C047,Referral Q3 2025,Referral,2025-07-01,2025-09-30,3684.83
C048,Webinar Q3 2025,Webinar,2025-07-01,2025-09-30,14982.62
C049,Affiliate Q3 2025,Affiliate,2025-07-01,2025-09-30,7121.64
C050,Organic Search Q4 2025,Organic Search,2025-10-01,2025-12-31,3731.75
C051,Paid Search Q4 2025,Paid Search,2025-10-01,2025-12-31,25457.78
C052,Social Ads Q4 2025,Social Ads,2025-10-01,2025-12-31,13745.02
C053,Email Q4 2025,Email,2025-10-01,2025-12-31,759.15
C054,Referral Q4 2025,Referral,2025-10-01,2025-12-31,4339.62
C055,Webinar Q4 2025,Webinar,2025-10-01,2025-12-31,11966.94
C056,Affiliate Q4 2025,Affiliate,2025-10-01,2025-12-31,10624.36
